#count	frequency	CDR3nt	CDR3aa	V	D	J	C	cid	cid_full_length
24	1.280526e-01	TGTGCATCTGCTGAGGATAGTAGCAGTAATGCTGTTTTC	CASAEDSSSNAVF	IGLV1-47*01	.	IGLJ4*01	IGLC	assemble0	1
6	1.538462e-01	GACTCTGCAAAGTACTTCTGTGCTCTCAGGCCCTCGCCTGGACCCGGTGGGATGTATCCACTAATATTT	DSAKYFCALRPSPGPGGMYPLIF	TRDV1-5*01	TRDD4*01	TRDJ4*01	TRDC	assemble1	0
6	1.538462e-01	TGTGCGAAGGATGTGCATGTGCATGGTGTTGGGGATACTTGTGAGTATGATGCCTGG	CAKDVHVHGVGDTCEYDAW	IGHV1-20*01	IGHD6-3*01	IGHJ2-4*01	IGHG2	assemble20	0
5	1.282051e-01	TGTACAAATTACCATGCCTGG	CTNYHAW	IGHV1-14*01	.	IGHJ2-4*01	IGHG1	assemble5	0
5	2.631579e-02	TGTGCAGCTGGTGACAGCTGGAGCAGTACTTTC	CAAGDSWSSTF	IGLV1-67*01	.	IGLJ4*01	IGLC	assemble49	0
3	7.692308e-02	TGTACCAAAGCTCGTGGTAATTGGGAAGATCATAGCCTTTGGAACGTCGATGCCTGG	CTKARGNWEDHSLWNVDAW	IGHV1-27*01	IGHD5-2*01	IGHJ2-4*01	.	assemble54	0
3	6.818182e-02	TACCGCTGCGCTGTCTGGGAGAAGCTCCCTAGTGCAGGCTGGAAGAAGATATTT	YRCAVWEKLPSAGWKKIF	TRGV9-1*01	.	TRGJ3-1*01	TRGC	assemble122	0
3	6.818182e-02	TACTACTGTGCCGGCTGGTCCTACAGTTCAACCTGGATCAAGGTATTT	YYCAGWSYSSTWIKVF	TRGV7-1*01	.	TRGJ5-1*01	TRGC	assemble12	0
3	1.578947e-02	TGTGCATCTTATCAGAGTGATCAGAGTGGTGACACAGCTGTTTTC	CASYQSDQSGDTAVF	IGLV1-31*01	.	IGLJ4*01	IGLC	assemble500	0
3	6.818182e-02	TACTACTGTGCTGGCTGGAGTTATTATGTAAAAATCTTC	YYCAGWSYYVKIF	TRGV3-1*02	.	TRGJ4-2*01	TRGC	assemble16	0
3	1.578947e-02	TGTGCAACTTATGAGACTAGCAGCCGTCGTACTATTTTC	CATYETSSRRTIF	IGLV1-16*01	.	IGLJ4*01	IGLC	assemble149	0
2	1.052632e-02	TGTGGAACTGCTGATCCCACTACGGGGACTGCTGTTTTC	CGTADPTTGTAVF	IGLV1-47*01	.	IGLJ4*01	IGLC	assemble152	0
2	1.052632e-02	TGTTTTCAAACTACACATGATCCAAATACTTTC	CFQTTHDPNTF	IGKV2-18*01	.	IGKJ2*01	IGKC	assemble9	0
2	3.333333e-01	TTCTGTGCCAGCGCTGAATCAGGCGGGGCTTCTTATGACTATCACTTC	FCASAESGGASYDYHF	TRBV26*01	TRBD2*01	TRBJ1-2*01	TRBC	assemble11	0
2	1.052632e-02	TGTGCAGCTAATGACAGTAGTAGCAGTGATGATCTTTTC	CAANDSSSSDDLF	IGLV1-36*01	.	IGLJ2*01	IGLC	assemble107	0
2	4.545455e-02	TACCGCTGCGCTGTCTGGGAGAAGCACATTGGTTCAGCCCTCCCTATATATAGTGCAGGCTGGAAGAAGATATTT	YRCAVWEKHIGSALPIYSAGWKKIF	TRGV9-1*01	.	TRGJ3-1*01	TRGC	assemble309	0
2	1.052632e-02	TGTGCAAGTGGTGACTACAGTATGCGTAATGTCCGTGCTGTTTTC	CASGDYSMRNVRAVF	IGLV1-67*01	.	IGLJ4*01	IGLC	assemble161	0
2	4.545455e-02	TACTACTGTGCTATCTGGGATTACATAAAAAACTTC	YYCAIWDYIKNF	TRGV5-1*01	.	TRGJ1-2*01	TRGC	assemble40	0
2	4.545455e-02	TACTACTGTGCTATCTGGGATAACAGCTCAGGCTGGAGGAAGATATTT	YYCAIWDNSSGWRKIF	TRGV5-1*01	.	TRGJ1-1*01	TRGC	assemble102	0
2	5.128205e-02	GACTCTGCAAAGTACTTTTGTGCAGTCCGGGAAGGCCCAGCGTACGGATTCACGACGGGATATCCACTAATATTT	DSAKYFCAVREGPAYGFTTGYPLIF	TRDV1-33*01	TRDD4*01	TRDJ4*01	TRDC	assemble245	0
2	5.128205e-02	GACTCTGCAAAGTACTTCTGTGCTCTCCGTGATCGGTATATGGGATACACCCAGTATCCACTAATATTT	DSAKYFCALRDRYMGYTQYPLIF	TRDV1-11*02	TRDD9*01	TRDJ4*01	.	assemble676	0
2	1.052632e-02	TGTTTTCAAGGTACACATGTTCCAAATACTTTC	CFQGTHVPNTF	IGKV2-18*01	.	IGKJ2*01	IGKC	assemble9	0
2	9.523810e-02	TGTGCTGTGCAGCTTGAGAGTGGCAGCGGAGACAGGCTGACTTTT	CAVQLESGSGDRLTF	TRAV22-11*01	.	TRAJ46*01	TRAC	assemble19	0
2	4.545455e-02	TACTACTGTGCTGTCTGGTGTAGTGCAGGCTGGATGAAGATATTT	YYCAVWCSAGWMKIF	TRGV8-1*01	.	TRGJ3-1*02	TRGC	assemble631	0
2	5.128205e-02	TGTGCAGTCTGGGGCCTCAAGCTCATCTTT	CAVWGLKLIF	TRDV1-1*01	TRDD2*01	TRDJ1*01	TRDC	assemble28	0
2	4.545455e-02	TACTACTGTGCTGGCTGGGACTCTTCAACCTGGATCAAGGTATTT	YYCAGWDSSTWIKVF	TRGV3-2*01	.	TRGJ5-1*01	TRGC	assemble87	0
2	1.052632e-02	TGTGCATCTTATCAGAGTGGTAGAACAGCTGTTTTC	CASYQSGRTAVF	IGLV1-31*01	.	IGLJ4*01	IGLC	assemble27	0
2	1.052632e-02	TGTGTTACTGTTGACATTAATCGCGATACAAATGCTGTTTTC	CVTVDINRDTNAVF	IGLV1-21*01	.	IGLJ4*01	IGLC	assemble145	0
2	5.128205e-02	GATTCTGCAAAGTACTTCTGTGCTCTCTGCCAGAGGCGGACTGGGGGCTTAAAGAGTCTCTATGAGACTGACAAGCTCATCTTT	DSAKYFCALCQRRTGGLKSLYETDKLIF	TRDV1-13*02	TRDD2*01	TRDJ1*01	.	assemble32	0
2	9.523810e-02	TGTGCAGCAACTAATAATGCAGACAACATATTCACATTT	CAATNNADNIFTF	TRAV13-4*02	.	TRAJ39*01	.	assemble78	0
2	4.545455e-02	TACTACTGTGCCGGCTGGTTGATCAGCTCAACCTGGATCAAGGTATTT	YYCAGWLISSTWIKVF	TRGV7-1*01	.	TRGJ5-1*01	TRGC	assemble12	0
2	9.523810e-02	TGTGCTCCAGCACCCAGGGCGGATCTGAAAGACTCCTCTTT	out_of_frame	TRAV17-1*01	.	TRAJ57*01	TRAC	assemble220	0
1	7.210526e-03	TGTGCATCTGCTGAAGATAGTAGCAGTAATGCTGTTTTC	CASAEDSSSNAVF	IGLV1-47*01	.	IGLJ4*01	IGLC	assemble0	1
1	6.842105e-03	TGTGCATCTCCTGAGGATAGTAGCAGTCATGCTGTTTTC	CASPEDSSSHAVF	IGLV1-47*01	.	IGLJ4*01	IGLC	assemble0	1
1	5.263158e-03	TGTGCAGCTGGTGACAGCAGTAGGAGTGTTGTTCTTTTC	CAAGDSSRSVVLF	IGLV1-58*01	.	IGLJ4*01	IGLC	assemble60	0
1	2.564103e-02	TGTGTTGCTTATGCGGGTGATTGGACCGTTGATGACTGG	CVAYAGDWTVDDW	IGHV1-10*01	IGHD5-2*01	IGHJ2-4*01	.	assemble658	0
1	5.263158e-03	TGTGCATCTGCTGAGGATAGTAGCAGTAATTATTTTTGTTTTC	out_of_frame	IGLV1-47*01	.	IGLJ4*01	IGLC	assemble929	0
1	5.263158e-03	TGTCTTCAAGCTACATATGATCCGAATACTTTC	CLQATYDPNTF	IGKV2-18*01	.	IGKJ2*01	IGKC	assemble9	0
1	2.272727e-02	TACCGCTGCGCTGTCTGGGAGAAGCACATTGTTTCAGCCCCGGGAGGCTGGAAGAAGATATTT	YRCAVWEKHIVSAPGGWKKIF	TRGV9-1*01	.	TRGJ3-1*01	TRGC	assemble853	0
1	2.564103e-02	TGTGCAAAATGTAGCAGTAGGGGTGGCAGCTATTGTTTGAATATTGGGCATACTTATGATGCCTGG	CAKCSSRGGSYCLNIGHTYDAW	IGHV1-27*01	IGHD3-1*01	IGHJ2-4*01	.	assemble734	0
1	5.263158e-03	TGTGCATCTCCTGACAGTACTAACAGTGGTCCGGCTGCTTTC	CASPDSTNSGPAAF	IGLV1-46*01	.	IGLJ4*01	IGLC	assemble125	0
1	5.263158e-03	TGTGTAGTTTATGACGGTAGTAGCAGTACTGTTTTC	CVVYDGSSSTVF	IGLV1-67*02	.	IGLJ4*01	IGLC	assemble241	0
1	5.263158e-03	TGTGCGTCTGGTGACAGCAGTACCAGTACTGCTGTTTTC	CASGDSSTSTAVF	IGLV1-67*01	.	IGLJ4*01	IGLC	assemble33	0
1	2.272727e-02	TACCGCTGCGCTGTCTGGGACCCAGAGGGTGCAGGCTGGAAGAAGATATTT	YRCAVWDPEGAGWKKIF	TRGV9-1*01	.	TRGJ3-1*01	TRGC	assemble214	0
1	5.263158e-03	TGTGCATCTCCTGACAGTACGAGCAGTAGTGTTTTC	CASPDSTSSSVF	IGLV1-67*02	.	IGLJ4*01	IGLC	assemble241	0
1	2.564103e-02	TGTACATCAAATGGAATTTGG	CTSNGIW	IGHV1-7*01	.	IGHJ2-4*01	IGHG2	assemble347	0
1	5.263158e-03	TGTGCATCTCCAGACGCGATGGGCAGTAGTTCGATTCTTTTC	CASPDAMGSSSILF	IGLV1-40*01	.	IGLJ4*01	IGLC	assemble437	0
1	5.263158e-03	TGTTTATCTTATCAGAAGGGTGAGAAGATTTCTGTTTTT	CLSYQKGEKISVF	IGLV1-31*01	.	IGLJ4*01	IGLC	assemble293	0
1	2.564103e-02	TGTGCGAAGAGTGCTGGTTGGTATGCTGATAGTGTTGGTGACATCGATGCCTGG	CAKSAGWYADSVGDIDAW	IGHV1-30*02	IGHD8-2*01	IGHJ2-4*01	.	assemble923	0
1	5.263158e-03	TGTTTTCAAGGTACACATGACCCAAATACTTTC	CFQGTHDPNTF	IGKV2-18*01	.	IGKJ2*01	IGKC	assemble9	0
1	5.263158e-03	TGTGTAGCTTATGACAGTAGTAGCAGTGCTGTTTTC	CVAYDSSSSAVF	IGLV1-67*02	.	IGLJ4*01	IGLC	assemble241	0
1	5.263158e-03	TGTACATCTTATCAAAGTGGTAATGCAGCTGTCTTC	CTSYQSGNAAVF	IGLV1-31*01	.	IGLJ4*01	IGLC	assemble36	0
1	5.263158e-03	TGTGCTCAGGGGGCACATGATCCTCTTACTTTC	CAQGAHDPLTF	IGKV2-18*01	.	IGKJ2*01	IGKC	assemble9	0
1	5.263158e-03	TGTTTCCAAGCTACACACAGGCCTCTCACTTTC	CFQATHRPLTF	IGKV2-12*01	.	IGKJ2*01	IGKC	assemble465	0
1	2.564103e-02	TGTGCTCTCTGGGGGTCAGCGTACGACTGGGGGCCAGGGATTCTACGTTGCTTTGGGATTGAGACTGACAAGCTCATCTTT	CALWGSAYDWGPGILRCFGIETDKLIF	TRDV1S47*01	TRDD2*01	TRDJ1*01	.	assemble741	0
1	5.263158e-03	TGTCTTCAAGGTACACATAGTCCTAATACTTTC	CLQGTHSPNTF	IGKV2-18*01	.	IGKJ2*01	IGKC	assemble9	0
1	4.761905e-02	TGTGCTCTGAGTGATCGACCTGCAAGTTATAACACGGGCAGTGGCGGGAAAGTCATATTT	CALSDRPASYNTGSGGKVIF	TRAV45-11*01	.	TRAJ44*01	TRAC	assemble238	0
1	5.263158e-03	TGTTTTCAAGCTACACATGATCCTAATACTTTC	CFQATHDPNTF	IGKV2-18*01	.	IGKJ2*01	IGKC	assemble9	0
1	5.263158e-03	TGTTTACAAGGTACACATATTCCACGGACTTTC	CLQGTHIPRTF	IGKV2-18*01	.	IGKJ2*01	IGKC	assemble9	0
1	5.263158e-03	TGTGTCGCTGAGGACTTTAGTAGTAGTACTTCTGTTTCC	CVAEDFSSSTSVS	IGLV1-67*02	.	IGLJ4*01	IGLC	assemble4	1
1	2.564103e-02	TGTGCGAAGGATTTTCTACATTGTATTAGTACCGGGGGAGAGTACATTGACTGTGGATATAGTGAGTCACCCAGCGATGCCTGG	CAKDFLHCISTGGEYIDCGYSESPSDAW	IGHV1-17*01	IGHD5-2*01	IGHJ2-4*01	.	assemble235	0
1	5.263158e-03	TGTGCAACTGGTGACTCCAATAGCTTATTTGTTTTC	CATGDSNSLFVF	IGLV1-67*01	.	IGLJ4*01	IGLC	assemble228	0
1	5.263158e-03	TGTCAATTAGCTGATATCAGTGGTGCCCTC	CQLADISGAL	IGLV3-2*01	.	IGLJ4*01	IGLC	assemble236	0
1	2.564103e-02	TGTGCTCTCCGGGAACTGGGGGGGGTACTACAACGCGGTGGGATACATCCACTAATATTT	CALRELGGVLQRGGIHPLIF	TRDV1-24*01	TRDD7*01	TRDJ4*01	TRDC	assemble127	0
1	2.564103e-02	TGTGCAAATGGCGTTCTGGTTGCTGATGCCTGG	CANGVLVADAW	IGHV1-14*01	IGHD6-2*01	IGHJ2-4*01	IGHG2	assemble346	0
1	4.761905e-02	TGTGCTTACAGTGTCTCGGATTCAGGAAACAGGCAACTTGTCTTT	CAYSVSDSGNRQLVF	TRAV38-1*01	.	TRAJ29*01	TRAC	assemble454	0
1	5.263158e-03	TGTGCGGCTGGTGACAGCAGTAGCAGTACTGGTGTTTTC	CAAGDSSSSTGVF	IGLV1-58*01	.	IGLJ4*01	IGLC	assemble60	0
1	5.263158e-03	TGTGTGGCTTATGACAGGAGTATGACTGCTGTTGGC	CVAYDRSMTAVG	IGLV1-67*02	.	IGLJ4*01	IGLC	assemble241	0
1	5.263158e-03	TGTGCGACGAGTGACTACAGTGGCAGTCCTGCTGTTTTC	CATSDYSGSPAVF	IGLV1-67*01	.	IGLJ4*01	IGLC	assemble33	0
1	5.263158e-03	TGTGCATCTCCTGACAGTAGTAGCAGTAGTTCTGTTTTC	CASPDSSSSSSVF	IGLV1-67*02	.	IGLJ4*01	IGLC	assemble4	1
1	5.263158e-03	TGTGTGACTTTTGACGTTAGTAGCAACCGTGCTGTTTTC	CVTFDVSSNRAVF	IGLV1-67*02	.	IGLJ4*01	IGLC	assemble419	0
1	5.263158e-03	TGTGTAGCTTATGACAGTAATACCAGGACTTCTGTTTTC	CVAYDSNTRTSVF	IGLV1-67*02	.	IGLJ4*01	IGLC	assemble4	1
1	5.263158e-03	TGTTTTCAAGCTACATCTACTCCCAATACTTTC	CFQATSTPNTF	IGKV2-9*01	.	IGKJ2*01	IGKC	assemble7	1
1	5.263158e-03	TGTGCAACTGGTGACGCCAGTACCAGTGCTATTTTC	CATGDASTSAIF	IGLV1-67*01	.	IGLJ4*01	IGLC	assemble228	0
1	2.564103e-02	TGTGCTCTCCATGACTATACCCAGATTTACGGTGGGATACATCCACTAATATTT	CALHDYTQIYGGIHPLIF	TRDV1-11*01	TRDD9*01	TRDJ4*01	.	assemble699	0
1	5.263158e-03	TGTTCAGCTCCGGACAGTAGTGGGAGTACTTTTGCTTTT	CSAPDSSGSTFAF	IGLV1-40*01	.	IGLJ4*01	IGLC	assemble771	0
1	5.263158e-03	TGTTTTCAAGGTACACATTATCCTCTTACTCTC	CFQGTHYPLTL	IGKV2-18*01	.	IGKJ2*01	IGKC	assemble9	0
1	5.263158e-03	TGTGCAACTGGTGACTACAGTAGCAGTACTCCTGTTTTC	CATGDYSSSTPVF	IGLV1-67*01	.	IGLJ4*01	IGLC	assemble33	0
1	5.263158e-03	TGTGCAACTTATGACTCTATCAGCAAGAGTGCTGTTTTC	CATYDSISKSAVF	IGLV1-67*02	.	IGLJ4*01	IGLC	assemble4	1
1	2.564103e-02	TGTGCTCTCTCCAAAAGGGGGGATTTACGAGTGGGATACGCGGCTTATCCACTAATATTT	CALSKRGDLRVGYAAYPLIF	TRDV1-11*01	TRDD4*01	TRDJ4*01	TRDC	assemble139	0
1	2.564103e-02	GACTCTGCAAAGTACTTCTGTGCTCTCAGTGACGAATACGTGGACTGGGGTCTCTCCTGGGACACCCGACAGATATTTTTT	DSAKYFCALSDEYVDWGLSWDTRQIFF	TRDV1-5*01	TRDD2*01	TRDJ3*01	.	assemble805	0
1	5.263158e-03	TGTGCCTCTACTGACCTCAGTTTAATTAATATTTTC	CASTDLSLINIF	IGLV1-12*01	.	IGLJ2*01	IGLC	assemble846	0
1	5.263158e-03	TGTCATCAGGATACACATCTTCCCAAAACTTTC	CHQDTHLPKTF	IGKV2-18*01	.	IGKJ2*01	IGKC	assemble9	0
1	2.272727e-02	TACTACTGTGCTGGCTGGGACAGGGACAGTTCAACCTGGATCAAGGTATTT	YYCAGWDRDSSTWIKVF	TRGV3-2*01	.	TRGJ5-1*01	TRGC	assemble577	0
1	5.263158e-03	TGTGCATCTCGTGACGATGGAGGCAGTGGTGTTTTC	CASRDDGGSGVF	IGLV1-40*01	.	IGLJ4*01	IGLC	assemble166	0
1	4.761905e-02	TGTGCTCTGAGTGAAGGTGGAGGCTCCTACAAGTTGATGTTT	CALSEGGGSYKLMF	TRAV45-3*01	.	TRAJ50*01	.	assemble298	0
1	5.263158e-03	TGTGCATCTGCTGAGGGGGGTAGCAGTAAAACTTTTGTTTTC	CASAEGGSSKTFVF	IGLV1-47*01	.	IGLJ4*01	IGLC	assemble146	0
1	5.263158e-03	TGTGCATCTTTTGACAGTAGTAGCAGTGCTGTTGCTGCTTTC	CASFDSSSSAVAAF	IGLV1-40*01	.	IGLJ4*01	IGLC	assemble728	0
1	2.564103e-02	TGTGCTCTCCGTGACTGGGGAGCGTACGGGTCGGACTGGATTTCCGTACAACGGTGGGATACTGGCGAGACTGACAAGCTCATCTTT	CALRDWGAYGSDWISVQRWDTGETDKLIF	TRDV1-11*02	TRDD7*01	TRDJ1*01	TRDC	assemble408	0
1	5.263158e-03	TGTGTAACTTATGATAGTAGTAGTGCTAATGTTTTC	CVTYDSSSANVF	IGLV1-67*02	.	IGLJ4*01	IGLC	assemble241	0
1	2.564103e-02	TGTGCAAGGACGGGAAGTACTGGTGATTTTTATGCTTGTAATGACCATCCTTTAAATTATGCATGCGTCAATGCCTGG	CARTGSTGDFYACNDHPLNYACVNAW	IGHV1-10*01	IGHD7-3*01	IGHJ2-4*01	IGHG2	assemble583	0
1	2.564103e-02	TGTGCGAAGGATTATAATAGTCGCTATACTTGGGGTATATACTACGTCGATGCCTGG	CAKDYNSRYTWGIYYVDAW	IGHV1-10*01	IGHD3-1*01	IGHJ2-4*01	IGHA	assemble267	0
1	5.263158e-03	TGTGCAGCTGGTGATAGCAGTAGAAGTGCTGCTGTTTTC	CAAGDSSRSAAVF	IGLV1-58*01	.	IGLJ4*01	IGLC	assemble60	0
1	2.564103e-02	TGTGCAAGATGCAGTGCTGGTAGTTATATTCATTCTGGTTGTTATGGTGGTAATTACGTCGATGCCTGG	CARCSAGSYIHSGCYGGNYVDAW	IGHV1-14*01	IGHD3-1*01	IGHJ2-4*01	IGHM1	assemble205	0
1	2.272727e-02	TGTGCTATCTGGGATAATGTAAACTTC	CAIWDNVNF	TRGV5-2*01	.	TRGJ1-2*01	TRGC	assemble69	0
1	5.263158e-03	TGTGCATCTTGGCAGAGTGGTGACACAGCTGTTTTC	CASWQSGDTAVF	IGLV1-31*01	.	IGLJ4*01	IGLC	assemble36	0
1	2.564103e-02	TGTCAACAAAACAATGGTGCCTGG	CQQNNGAW	IGHV1-17*01	IGHD7-3*01	IGHJ2-4*01	.	assemble472	0
1	2.564103e-02	TGTGCTCTCCCCAAGGTACGGGATTTACGAGGTACTACGATGTACGTGGGATACGGGCCACTAATATTT	CALPKVRDLRGTTMYVGYGPLIF	TRDV1-11*01	TRDD4*01	TRDJ4*01	TRDC	assemble128	0
1	5.263158e-03	TGTGTAGCTTATGACAGTAGTAGGAGTATAAATGTTGTTTTC	CVAYDSSRSINVVF	IGLV1-67*02	.	IGLJ4*01	IGLC	assemble329	0
1	4.761905e-02	TGTGCTCTGAGTGATTGCCGGGAGGAAAGCTTATCTTC	out_of_frame	TRAV8-1*01	.	TRAJ23*01	TRAC	assemble334	0
1	5.263158e-03	TGTGCAGTTGGTGACTACAGTGTCAATGCTGCTGTTTTC	CAVGDYSVNAAVF	IGLV1-21*01	.	IGLJ4*01	IGLC	assemble194	0
1	5.263158e-03	TGTTCATCTTATCAGAGTGATAACACTGTTGTTTTC	CSSYQSDNTVVF	IGLV1-31*01	.	IGLJ4*01	IGLC	assemble232	0
1	2.564103e-02	GACTCGGCCATCTATTTCTGTGCTGTCAGAGAGTTTCGCACCGGGGATGTACTGTGGGAGAATCCACTAATATTT	DSAIYFCAVREFRTGDVLWENPLIF	TRDV5-1*01	TRDD2*01	TRDJ4*01	.	assemble621	0
1	2.564103e-02	TGTACCAAAGGTCGTAGTAATTGGCAAGATCATAGCCTTTGGAACGTCGATGCCTGG	CTKGRSNWQDHSLWNVDAW	IGHV1-27*01	IGHD5-2*01	IGHJ2-4*01	IGHG2	assemble343	0
1	4.761905e-02	TGTGCAGCAGGCCCTGGAAACACACTGATCTTT	CAAGPGNTLIF	TRAV13-4*01	.	TRAJ47*01	TRAC	assemble203	0
1	2.564103e-02	TGTACAAAGAGTATTTGGAGCGGATATACTAGACGTGATGGTCCTGATTGGCATAGCAATCCCTGG	CTKSIWSGYTRRDGPDWHSNPW	IGHV1-10*02	IGHD6-2*01	IGHJ2-4*01	.	assemble439	0
1	2.564103e-02	TGTGCGAAGATTAGTGTGCCTGTGTGTGGTGTGGACGGTGGAATCGATGCCTGG	CAKISVPVCGVDGGIDAW	IGHV1-30*02	IGHD1-3*01	IGHJ2-4*01	.	assemble829	0
1	2.564103e-02	TGTGCTCTCAGTGGGACTCTTGGGTTACAGTATCCACTAATATTT	CALSGTLGLQYPLIF	TRDV1S38*01	TRDD7*01	TRDJ4*01	TRDC	assemble150	0
1	5.263158e-03	TGTGCAGCTAGTGACAGCAGTTACAATACGGGTGTTTTC	CAASDSSYNTGVF	IGLV1-67*02	.	IGLJ4*01	IGLC	assemble4	1
1	5.263158e-03	TGTTCAACTTATGACTACAGTAGCGAAACTGCGCTTTTC	CSTYDYSSETALF	IGLV1-21*01	.	IGLJ4*01	IGLC	assemble255	0
1	5.263158e-03	TGTGCAACTGGTGACTACAGTAGCACTACTGCTGTTTTC	CATGDYSSTTAVF	IGLV1-67*01	.	IGLJ4*01	IGLC	assemble33	0
1	5.263158e-03	TGTTTTCAAAGTACACATGATCCTCCCACTTTC	CFQSTHDPPTF	IGKV2-18*01	.	IGKJ2*01	IGKC	assemble9	0
1	5.263158e-03	TGTGTAGCTGGTGACAGTAGTATCAGGGGTGCGATTTTC	CVAGDSSIRGAIF	IGLV1-67*02	.	IGLJ4*01	IGLC	assemble744	0
1	2.564103e-02	TGTGGAAACTGTGATATGCCTACTTGTTACAAAGATGGTGCGACTGCGGGATCTAAGATTCAGGCATGG	CGNCDMPTCYKDGATAGSKIQAW	IGHV1-27*01	IGHD1-1*01	IGHJ2-4*01	IGHG2	assemble221	0
1	5.263158e-03	TGTGCGGCTGGTGATAGTAGTAGCAGCACTGGTGTTTTC	CAAGDSSSSTGVF	IGLV1-67*02	.	IGLJ4*01	IGLC	assemble4	1
1	5.263158e-03	TGTGCATCTTATCAGAGTGGTAACACTGCTGTTTTC	CASYQSGNTAVF	IGLV1-31*01	.	IGLJ4*01	IGLC	assemble36	0
1	5.263158e-03	TGTGCGTCTGATGACCTCAGTTTTGTTTTC	CASDDLSFVF	IGLV1-12*01	.	IGLJ4*01	IGLC	assemble491	0
1	4.761905e-02	TGTGCTCTGGTATCCAACAGGGACAAACTCATCTTT	CALVSNRDKLIF	TRAV16*01	.	TRAJ34*01	TRAC	assemble466	0
1	4.761905e-02	TGTGTGGTGGAGGCTCCCCTCGGGGATGGCAACTATCAGTGGATCTGG	CVVEAPLGDGNYQWIW	TRAV43-2*01	.	TRAJ33*01	TRAC	assemble196	0
1	5.263158e-03	TGTCAGTCAACTGACAGCAGTTCGTCTCCAGTTTTC	CQSTDSSSSPVF	IGLV3-4*01	.	IGLJ4*01	IGLC	assemble59	0
1	5.263158e-03	TGTTTTCAGACTACATATGATCCTCCTTCTTTC	CFQTTYDPPSF	IGKV2-18*01	.	IGKJ2*01	IGKC	assemble9	0
1	2.564103e-02	TGTGGTAGTCCTGAGTCCTGG	CGSPESW	IGHV1-14*01	IGHD3-1*01	IGHJ2-4*01	.	assemble820	0
1	5.263158e-03	TGTGCAGCGGGTGACAGCAGTGTCAGAGCTACTGTTTTC	CAAGDSSVRATVF	IGLV1-58*01	.	IGLJ4*01	IGLC	assemble60	0
1	5.263158e-03	TGTGTATCTTATGACAGTACTACCACTACTGCTGTTTTC	CVSYDSTTTTAVF	IGLV1-67*02	.	IGLJ4*01	IGLC	assemble4	1
1	2.564103e-02	TGTGCTCTCAAACAGCTTTCGACTGGGGGTGGGGTACTACATGGATACGAGACTGACAAGCTCATCTTT	CALKQLSTGGGVLHGYETDKLIF	TRDV1S38*01	TRDD7*01	TRDJ1*01	TRDC	assemble304	0
1	2.564103e-02	GACTCTGCAAAGTACTTCTGTGCTCTCCGTGACCCTTCGCGGTGGGGTACTACGCGTACCGGTGGGAATCCACTAATATTT	DSAKYFCALRDPSRWGTTRTGGNPLIF	TRDV1-11*02	TRDD7*01	TRDJ4*01	.	assemble802	0
1	2.272727e-02	TGTGCTGCCTGGAGGTCCGGCTGGAAGAAGATATTT	CAAWRSGWKKIF	TRGV2-1*01	.	TRGJ3-1*01	TRGC	assemble440	0
1	5.263158e-03	TGTTTTCAAGGTACACATGTTCCTAATACTCTC	CFQGTHVPNTL	IGKV2-18*01	.	IGKJ2*01	IGKC	assemble9	0
1	5.263158e-03	TGTGCAACTGGTGACAGCATTGGCAGTACTGCTGTTTTC	CATGDSIGSTAVF	IGLV1-67*01	.	IGLJ4*01	IGLC	assemble155	0
1	5.263158e-03	TGTGTAGTTTATGACAGCAGTAGCGGCACTGCTGTTTTC	CVVYDSSSGTAVF	IGLV1-67*02	.	IGLJ4*01	IGLC	assemble4	1
1	5.263158e-03	TGTTTTCAAGCTACACATTATCCGAATACTTTC	CFQATHYPNTF	IGKV2-18*01	.	IGKJ2*01	IGKC	assemble9	0
1	5.263158e-03	TGTCAGTCAGTTGACAGCACAGATAATGTTGTTTTC	CQSVDSTDNVVF	IGLV3-4*01	.	IGLJ4*01	IGLC	assemble492	0
1	2.272727e-02	TACTACTGTGCTGGCTGGGGAGAGTATTATGTAAAAATCTTC	YYCAGWGEYYVKIF	TRGV3-2*01	.	.	.	assemble349	0
1	2.564103e-02	TGTGCTCTCTGTGACCCCCCCTGGGGGGATTTACGAGCTGGGCTCATCTTT	CALCDPPWGDLRAGLIF	TRDV1-19*01	TRDD4*01	TRDJ1*01	TRDC	assemble412	0
1	5.263158e-03	TGTGCATCTCCTGACAGTGCTCGTAGTGGTAATTTTTTTCTTTTC	CASPDSARSGNFFLF	IGLV1-31*01	.	IGLJ2*01	IGLC	assemble949	0
1	5.263158e-03	TGTTTTCAAGCTACACATGATCCTCCGACTTTC	CFQATHDPPTF	IGKV2-18*01	.	IGKJ2*01	IGKC	assemble9	0
1	4.761905e-02	TGTGCTCTGAGATCATATTCTGGAAACACACTGATCTTT	CALRSYSGNTLIF	TRAV9-1*01	.	TRAJ47*01	TRAC	assemble695	0
1	5.263158e-03	TGTCAGTCAACTGACAACACTGATAATCCTGTTTTC	CQSTDNTDNPVF	IGLV3-4*01	.	IGLJ4*01	IGLC	assemble59	0
1	5.263158e-03	TGTGCGTCTTATCAGAATGATAACACAGTTCATTTC	CASYQNDNTVHF	IGLV1-31*01	.	IGLJ4*01	IGLC	assemble36	0
1	4.761905e-02	TGTGCTGTCCTACATGAACAAACCTCTGGCAAAATTGTCTTT	CAVLHEQTSGKIVF	TRAV22-4*01	.	TRAJ30*01	.	assemble370	0
1	5.263158e-03	TGTGCAACTGGTGACTACAATAGCAGGACTGCTGCTTTC	CATGDYNSRTAAF	IGLV1-67*01	.	IGLJ4*01	IGLC	assemble33	0
1	5.263158e-03	TGTGCAACTGATGACAACGTTATTGCGTCTTCTGTTTCG	CATDDNVIASSVS	IGLV1-21*01	.	IGLJ4*01	IGLC	assemble154	0
1	5.263158e-03	TGTTTACAAGATACACATGATCCTAAACTTTC	out_of_frame	IGKV2-18*01	.	IGKJ2*01	IGKC	assemble273	0
1	5.263158e-03	TGTGCATCTCGTGACACTAGTAGCAGTGGCTATGGTATTTTC	CASRDTSSSGYGIF	IGLV1-40*01	.	IGLJ4*01	IGLC	assemble147	0
1	5.263158e-03	TGTTTGCAAACTACACATTTTCCTCCGACTTTC	CLQTTHFPPTF	IGKV2-18*01	.	IGKJ2*01	IGKC	assemble9	0
1	5.263158e-03	TGTGCATCCAAGCAGACTGATAACACAGCTGTTTTC	CASKQTDNTAVF	IGLV1-31*01	.	IGLJ4*01	IGLC	assemble36	0
1	2.272727e-02	TACTACTGTGCTGGCTGGAGCGAATCTGACAGTTCAACCTGGATCAAGGTATTT	YYCAGWSESDSSTWIKVF	TRGV3-2*01	.	TRGJ5-1*01	TRGC	assemble825	0
1	5.263158e-03	TGTTTTCAAGCTACACATGATCCTACTTTC	CFQATHDPTF	IGKV2-18*01	.	IGKJ2*01	IGKC	assemble277	0
1	5.263158e-03	TGTGCATCTTATCAGAGTACGAACACAGTTGTTTTC	CASYQSTNTVVF	IGLV1-31*01	.	IGLJ4*01	IGLC	assemble36	0
1	4.761905e-02	TGTGTGGGCGCAGGAAACATAGGAAGACTCACCTTT	CVGAGNIGRLTF	TRAV43-1*01	.	TRAJ37*01	.	assemble948	0
1	2.564103e-02	TGTGCTCTCCCCTACGAGCGTTGGACTGGGTGGGATTTACGGGGTAACGTACGGTGGGAGAATCCACTAATATTT	CALPYERWTGWDLRGNVRWENPLIF	TRDV1-11*01	TRDD4*01	TRDJ4*01	TRDC	assemble129	0
1	2.564103e-02	TGTGCTCTCCCCTCAGCGTGGGATTTACGGCAGAATCCACTAATATTT	CALPSAWDLRQNPLIF	TRDV1-11*01	TRDD4*01	TRDJ4*01	TRDC	assemble165	0
1	2.272727e-02	TACTACTGTGCTGTCAAAGACCCAAACAATTACAAAAAAAACTTC	YYCAVKDPNNYKKNF	TRGV8-1*01	.	TRGJ4-2*01	TRGC	assemble339	0
1	2.564103e-02	TGTGCTCTCTGTCCCTACGGTGGGGTATCCCTCAACGTACTGGGCTTATATGAGACTGACAAGCTCATCTTT	CALCPYGGVSLNVLGLYETDKLIF	TRDV1-19*01	TRDD7*01	TRDJ1*01	TRDC	assemble303	0
1	5.263158e-03	TGTGCAACTGAAGACTTCAGTACCGGGGCTGCTTTTGCTGAGTTC	CATEDFSTGAAFAEF	IGLV1-21*01	.	IGLJ4*01	IGLC	assemble354	0
1	5.263158e-03	TGTTTTCAAGCGACACATAAGCCTCATACTTTC	CFQATHKPHTF	IGKV2-18*01	.	IGKJ2*01	IGKC	assemble9	0
1	2.564103e-02	TGTGTGAAGAACATTTATGGTTATTATGGTTGTAATGATTGTGCTTACGTCGATGCCTGG	CVKNIYGYYGCNDCAYVDAW	IGHV1-10*01	IGHD7-3*01	IGHJ2-4*01	.	assemble184	0
1	5.263158e-03	TGTGCAACTGCTGACTACAGTGTTAGTACTTCTCTTTTC	CATADYSVSTSLF	IGLV1-21*01	.	IGLJ4*01	IGLC	assemble290	0
1	5.263158e-03	TGTTTTCAAATTACACATGATCCTCCTACTTTC	CFQITHDPPTF	IGKV2-18*01	.	IGKJ2*01	IGKC	assemble9	0
1	5.263158e-03	TGTGCATCTTATCAGAGTGGTAACACAGTTGTTTTC	CASYQSGNTVVF	IGLV1-31*01	.	IGLJ4*01	IGLC	assemble36	0
1	2.564103e-02	TGTGTGGCGGGACGCTGG	CVAGRW	IGHV1-14*01	IGHD1-3*01	IGHJ2-4*01	IGHA	assemble251	0
1	5.263158e-03	TGTGCAACTGCTGACTACAGTAGCAGTACTGCTCCTTTC	CATADYSSSTAPF	IGLV1-67*01	.	IGLJ4*01	IGLC	assemble33	0
1	5.263158e-03	TGTGCAGCTGCTGACAGCATTAGCAGTGCTGCTGTTTTC	CAAADSISSAAVF	IGLV1-67*02	.	IGLJ4*01	IGLC	assemble4	1
1	5.263158e-03	TGTTCAACTGGTGACTACACTACTGTTACTGTTGTTTTC	CSTGDYTTVTVVF	IGLV1-21*01	.	IGLJ4*01	IGLC	assemble255	0
1	5.263158e-03	TGTGTCGGTTATGACAGTAGTGGTGTGACTGTTTTC	CVGYDSSGVTVF	IGLV1-67*02	.	IGLJ4*01	IGLC	assemble160	0
1	2.272727e-02	TACTACTGTGCTGTCTGGGTATCTGATTGGAAGAAGATATTT	YYCAVWVSDWKKIF	TRGV8-1*01	.	TRGJ3-1*01	TRGC	assemble831	0
1	2.564103e-02	GACTCTGCAAAGTACTTCTGTGGTCTCAGTGGCGGACTGGGATTTACGAGCTACAACGTACAGTATCCACTAATATTT	DSAKYFCGLSGGLGFTSYNVQYPLIF	TRDV1S38*01	TRDD4*01	TRDJ4*01	.	assemble809	0
1	2.564103e-02	TGTGCGAAGTCTGCTGATGCTTATTTTGATGGTTGGCATGGTTGTAACTATGTCGATGCCTGG	CAKSADAYFDGWHGCNYVDAW	IGHV1-10*01	IGHD7-3*01	IGHJ2-4*01	IGHM1	assemble531	0
1	5.263158e-03	TGTGGATCGCCTCAAAGTGGTGGCACGTATGTTTTC	CGSPQSGGTYVF	IGLV1-46*01	.	IGLJ4*01	IGLC	assemble191	0
1	2.564103e-02	TGCGGAAGTGGTGCCTGG	CGSGAW	.	IGHD5-2*01	IGHJ2-4*01	IGHA	assemble822	0
1	2.564103e-02	TGTGCTCTTCACCCGCGGCAGCGTTGGACTGGGGTACGTGGGATACATCCACTAATATTT	CALHPRQRWTGVRGIHPLIF	TRDV1-11*01	TRDD2*01	TRDJ4*01	TRDC	assemble172	0
1	4.761905e-02	TGTGCAGTTGATAAGGATGGAGGCTATACATGGACCTTC	CAVDKDGGYTWTF	TRAV12-3*01	.	TRAJ12*01	.	assemble767	0
1	2.564103e-02	TGTGTAAGAGATCTAGGTGGCTTTAATCATGATTATGGTGACATGGGG	CVRDLGGFNHDYGDMG	IGHV1-14*01	IGHD1-2*01	IGHJ2-4*01	IGHA	assemble366	0
1	2.272727e-02	TACTACTGTGCCGGCTGGTTGCTTGAGAAGTTCAACCTGGATCAAGGTATTT	out_of_frame	TRGV7-1*01	.	TRGJ5-1*01	TRGC	assemble816	0
1	5.263158e-03	TGTTTTCAAGGTACATATGAACCTACTTTC	CFQGTYEPTF	IGKV2-15*01	.	IGKJ2*01	IGKC	assemble2	0
1	2.564103e-02	TGTACTACTGTGCACGTCATTTGTTGTGGTGCTTGGGTGTGTAATTATGGATGTATTTATTTTTATGGTTATACTAACTACGCCGATACCTGG	CTTVHVICCGAWVCNYGCIYFYGYTNYADTW	IGHV1-7*01	IGHD6-3*01	IGHJ2-4*01	IGHM1	assemble570	0
1	5.263158e-03	TGTGCATCTTATCAGAGTGATAACACAGCTGTTTTC	CASYQSDNTAVF	IGLV1-31*01	.	IGLJ4*01	IGLC	assemble36	0
1	5.263158e-03	TGTTTTCAAGCTCTACATGTTCCAAATACTTTC	CFQALHVPNTF	IGKV2-18*01	.	IGKJ2*01	IGKC	assemble9	0
1	5.263158e-03	TGTCAGTCAGCTGACAGCAGTGATAATGCTGTTTTC	CQSADSSDNAVF	IGLV3-4*01	.	IGLJ4*01	IGLC	assemble59	0
1	2.564103e-02	GACTCTGCAAAGTACTTCTGTGCTCTCACTACAGCCGGGAAACGACACCCACTAATATTT	DSAKYFCALTTAGKRHPLIF	TRDV1-33*02	TRDD8*01	TRDJ4*01	TRDC	assemble126	0
1	5.263158e-03	TGTGCATCTCCTGAAAGTGGTAGCAGTGATAATAATGCTTTC	CASPESGSSDNNAF	IGLV1-40*01	.	IGLJ4*01	IGLC	assemble750	0
1	1.666667e-01	TTCTGTGCCTGGAGTCTAGGGGGGCGATCTGAGCAGTATTTC	FCAWSLGGRSEQYF	TRBV30*01	TRBD2*01	TRBJ2-7*01	TRBC	assemble556	0
1	1.666667e-01	TGTGCCAGCAGCCAAGAAGCGGTCGCAGGCGCCGCCCTGACCTTC	CASSQEAVAGAALTF	TRBV5-11*01	TRBD1*01	TRBJ2-6*01	TRBC	assemble187	0
1	5.263158e-03	TGTGCAACTGGTGACTACTATAGCAGTACTGTTATTTTC	CATGDYYSSTVIF	IGLV1-67*01	.	IGLJ4*01	IGLC	assemble33	0
1	5.263158e-03	TGTTTTCAACTTACACATGATCCAGATACTTTC	CFQLTHDPDTF	IGKV2-18*01	.	IGKJ2*01	IGKC	assemble9	0
1	1.666667e-01	CTCTGTGCCAGCAGCATCCGCGGGTCTGGAGAGACGCTGTACTTC	LCASSIRGSGETLYF	TRBV12-1*01	TRBD3*01	TRBJ3-4*01	TRBC	assemble226	0
1	5.263158e-03	TGTGTAACTGGTGACAGTAGTCGACGTATGCTGTTTTC	out_of_frame	IGLV1-67*02	.	IGLJ4*01	IGLC	assemble337	0
1	5.263158e-03	TGTATGGCTTGGGACGGCAGTAGCGCTGTTTCC	CMAWDGSSAVS	IGLV1-58*01	.	IGLJ4*01	IGLC	assemble162	0
1	5.263158e-03	TGTGCAACTATTGACAGCAGTAGCAAAACTGGTGTTTTC	CATIDSSSKTGVF	IGLV1-21*01	.	IGLJ4*01	IGLC	assemble447	0
1	5.263158e-03	TGTGCAGCTGGTGACAGCAGTAGCAGTAGTACTATTTTC	CAAGDSSSSSTIF	IGLV1-58*01	.	IGLJ4*01	IGLC	assemble60	0
1	2.272727e-02	TACTACTGTGCCGGCTGGCCCCCGAGTTATTATGTAAAAATCTTC	YYCAGWPPSYYVKIF	TRGV7-1*01	.	TRGJ4-2*01	TRGC	assemble593	0
1	5.263158e-03	TGTGTAGCTTATGACATTAGTGGCAGTACTGTTTTC	CVAYDISGSTVF	IGLV1-67*02	.	IGLJ4*01	IGLC	assemble241	0
1	4.761905e-02	TGTGCTCTGAGTGATTCAGCTGGAGGCTTCAAATTTGTTTTT	CALSDSAGGFKFVF	TRAV45-12*01	.	TRAJ9*01	.	assemble462	0
1	5.263158e-03	TGTTTTCAAGCTACACATGATCCTCTTACTTTC	CFQATHDPLTF	IGKV2-18*01	.	IGKJ2*01	IGKC	assemble9	0
1	2.564103e-02	TGTGCTCTTGGGGGGATAAACTTTATGGCTGACAAGCTCATCTTT	CALGGINFMADKLIF	TRDV1-15*01	TRDD2*01	TRDJ1*01	TRDC	assemble443	0
1	5.263158e-03	TGTGCATCTTATCAGAGTGATGACACAGCTGTTTTC	CASYQSDDTAVF	IGLV1-31*01	.	IGLJ4*01	IGLC	assemble36	0
1	5.263158e-03	TGTGCATCTTATCAGAGTGATGACACAATTGTTTTC	CASYQSDDTIVF	IGLV1-31*01	.	IGLJ4*01	IGLC	assemble232	0
1	5.263158e-03	TGTGCAACTGGTGACAGCAGTAGCAGTACTGCTGGTTTC	CATGDSSSSTAGF	IGLV1-67*01	.	IGLJ4*01	IGLC	assemble33	0
1	2.272727e-02	TACTACTGTGCTATCTGGGATACAAATTACATAAAAAACTTC	YYCAIWDTNYIKNF	TRGV5-1*01	.	TRGJ1-2*01	TRGC	assemble320	0
1	1.666667e-01	TTCTGTGGTGCTAGGGGCAGCGGGGGGCAGATTGAGGAGCTGCACTTC	FCGARGSGGQIEELHF	TRBV20-2*01	TRBD1*01	TRBJ3-1*01	TRBC	assemble111	0
1	2.272727e-02	TACTACTGTGCCGGCTGGTTGCCCGCAGGCAGTTCAACCTGGATCAAGGTATTT	YYCAGWLPAGSSTWIKVF	TRGV7-1*01	.	TRGJ5-1*01	TRGC	assemble208	0
1	5.263158e-03	TGTGCATCTCCTGACAAAAGTACCAGTGCTGTTTTC	CASPDKSTSAVF	IGLV1-40*01	.	IGLJ4*01	IGLC	assemble158	0
1	5.263158e-03	TGTTTTCAAGTTACACATGATCCTCCGACTTTC	CFQVTHDPPTF	IGKV2-18*01	.	IGKJ2*01	IGKC	assemble9	0
1	2.564103e-02	TGTGCTGTCTGGGAACTAGGGGAGCCCGGACTGGGGTGGGATTTCGAACGTACGGGATATGAGACTGACAAGCTCATCTTT	CAVWELGEPGLGWDFERTGYETDKLIF	TRDV1-8*01	TRDD4*01	TRDJ1*01	.	assemble745	0
1	2.564103e-02	GATTCTGCAAAGTACTTCTGTGCTCTTCAGCGGATAGATCCACGTACGTGGGATGAGACTGACAAGCTCATCTTT	DSAKYFCALQRIDPRTWDETDKLIF	TRDV1-13*01	TRDD4*01	TRDJ1*01	TRDC	assemble302	0
1	2.272727e-02	TACTACTGTGGCGGCTGGTTGCCCCCGAGTTATTATGTAAAAATCTTC	YYCGGWLPPSYYVKIF	TRGV7-1*01	.	TRGJ4-2*01	TRGC	assemble117	0
1	2.564103e-02	TGTGCTCTCCATTTACAGCACCGACCCTGGGGGGATCCACTAATATTT	CALHLQHRPWGDPLIF	TRDV1-11*01	TRDD2*01	TRDJ4*01	TRDC	assemble164	0
1	5.263158e-03	TGTGCAACTGGTGACTACAGTAGCAGTACTGCTCTTTTC	CATGDYSSSTALF	IGLV1-67*01	.	IGLJ4*01	IGLC	assemble33	0
1	4.761905e-02	TGTGCTCTAACTCAGGGCGGATCTGAAAGACTCCTCTTT	CALTQGGSERLLF	TRAV45-6*01	.	TRAJ57*01	TRAC	assemble137	0
1	2.272727e-02	TATTACTGTGCTGCCTGGGAGAAAGGCGGTGCAGGCTGGACGAAGATATTT	YYCAAWEKGGAGWTKIF	TRGV2-1*01	.	TRGJ3-1*02	TRGC	assemble956	0
1	5.263158e-03	TGTGCAGCTGCTGACAGGAGTTACCTTGATGTTTTC	CAAADRSYLDVF	IGLV1-67*02	.	IGLJ4*01	IGLC	assemble241	0
1	5.263158e-03	TGTGCAACTGGTGACTACAGTGGCACCACTGTTTTC	CATGDYSGTTVF	IGLV1-67*01	.	IGLJ4*01	IGLC	assemble411	0
1	5.263158e-03	TGTGCAACAGGTGACGTCAGTAGCAATACTGCTGTTTTC	CATGDVSSNTAVF	IGLV1-67*01	.	IGLJ4*01	IGLC	assemble33	0
1	5.263158e-03	TGTGTAGCTTATGACAGTAGTAGCAGTGCTGGTGCTGTTTTC	CVAYDSSSSAGAVF	IGLV1-67*02	.	IGLJ4*01	IGLC	assemble329	0
1	2.272727e-02	TACTACTGTGCTACCTGGGGGCCGAATTTAAACAACATGATCTTT	YYCATWGPNLNNMIF	TRGV6-1*01	.	TRGJ6-1*01	TRGC	assemble475	0
1	2.272727e-02	TACTACTGTGCTACCTGGGGATCGGATAGAATTTAAACAACATGATCTTT	out_of_frame	TRGV6-1*01	.	TRGJ6-1*01	TRGC	assemble697	0
1	2.564103e-02	TGTTATCGCGTTCTTAAAGATTATGATTGTGCTGATGTTGAATACATCGATGCCTGG	CYRVLKDYDCADVEYIDAW	IGHV1-10*01	IGHD6-2*01	IGHJ2-4*01	IGHG1	assemble431	0
1	5.263158e-03	TGTGTAACTTATGACAGTAGTAGCACAACTACTATTTTC	CVTYDSSSTTTIF	IGLV1-67*02	.	IGLJ4*01	IGLC	assemble4	1
1	5.263158e-03	TGTGCATCTTATCAAAGCGATAACACAGCTGTTTTC	CASYQSDNTAVF	IGLV1-31*01	.	IGLJ4*01	IGLC	assemble36	0
1	5.263158e-03	TGTTTCCAAGCTACACATTGGCCAAATACTTTC	CFQATHWPNTF	IGKV2-18*01	.	IGKJ2*01	IGKC	assemble9	0
1	5.263158e-03	TGTGCGACTGCTGACTACAGTAGCCGGACTGTCACTATTTTC	CATADYSSRTVTIF	IGLV1-21*01	.	IGLJ4*01	IGLC	assemble794	0
1	5.263158e-03	TGTGCATCTCCTGACAGTAGTAGCACTACTGTTTTC	CASPDSSSTTVF	IGLV1-40*01	.	IGLJ4*01	IGLC	assemble832	0
1	2.272727e-02	TACTACTGTGCTACCTTTTGGCCTCTGTTTTTATACAACATGATCTTT	YYCATFWPLFLYNMIF	TRGV6-1*01	.	TRGJ6-1*01	TRGC	assemble435	0
1	5.263158e-03	TGTTTTCAACGTACACATGATCCTGAGACTTTC	CFQRTHDPETF	IGKV2-18*01	.	IGKJ2*01	IGKC	assemble9	0
1	5.263158e-03	TGTGCATCTCCTGACAGTAGTGGCAGTGGTGCTGTTTTC	CASPDSSGSGAVF	IGLV1-67*02	.	IGLJ4*01	IGLC	assemble4	1
1	5.263158e-03	TGTGTAGCTTATGACAGTAGTAGTAATGCTGCTGGTTTC	CVAYDSSSNAAGF	IGLV1-67*02	.	IGLJ4*01	IGLC	assemble4	1
1	5.263158e-03	TGTGCATCTGCTGACCTCACTCTCATTAGTCCTGTGTTC	CASADLTLISPVF	IGLV1-12*01	.	IGLJ4*01	IGLC	assemble356	0
1	5.263158e-03	TGTTTTCAAGGTACACATGATCCTAGGACTTTC	CFQGTHDPRTF	IGKV2-18*01	.	IGKJ2*01	IGKC	assemble9	0
1	5.263158e-03	TGTCAGTCAGCTGATGGCAATGGTGTTCAGTTC	CQSADGNGVQF	IGLV3-2*01	.	IGLJ2*01	IGLC	assemble737	0
1	5.263158e-03	TGTGCAAGTGGTGACTACAGTAGTAGTAGTGCTTGTTTC	CASGDYSSSSACF	IGLV1-67*01	.	IGLJ4*01	IGLC	assemble33	0
1	5.263158e-03	TGTGTAGCTTATGACAGTAGTAGCAGTACTGCTGTTTTC	CVAYDSSSSTAVF	IGLV1-67*02	.	IGLJ4*01	IGLC	assemble4	1
1	5.263158e-03	TGTGCGACTGGTGACTACACTACTAGTACTGCTTTC	CATGDYTTSTAF	IGLV1-67*01	.	IGLJ4*01	IGLC	assemble143	0
1	2.564103e-02	GACTCTGCAAAGTACTTCTGTGCTCTTTGGGGTACGGGGGCCAGGGATCTACAACGCGTGGTATACGAGAATGACAAGATCATTTTT	DSAKYFCALWGTGARDLQRVVYENDKIIF	TRDV1-21*01	TRDD9*01	TRDJ1*01	TRDC	assemble517	0
1	5.263158e-03	TGTTTTCAAGGTACACATTTTCCAAATACTTTC	CFQGTHFPNTF	IGKV2-18*01	.	IGKJ2*01	IGKC	assemble9	0
1	5.263158e-03	TGTTTTCAAGTCAAACATTTTCCTCCTATTTTC	CFQVKHFPPIF	IGKV2-18*01	.	IGKJ2*01	IGKC	assemble9	0
1	4.761905e-02	TGTGTTCCGAGTTTTACGGGGATACCTCATGAGACTGACAAGCTCATCTTT	CVPSFTGIPHETDKLIF	TRAV33-3*02	.	TRDJ1*01	TRDC	assemble567	0
1	2.564103e-02	TGTGCTCTCCGTGACAGCGTACGACTGGGGCAGAATCCACTAATATTT	CALRDSVRLGQNPLIF	TRDV1-11*02	TRDD1*01	TRDJ4*01	TRDC	assemble202	0
1	2.564103e-02	TGTTCAAGACTTGGGTTCGATGCCTGG	CSRLGFDAW	IGHV1-30*01	IGHD1-3*01	IGHJ2-4*01	IGHA	assemble265	0
1	2.272727e-02	TACTACTGTGCTACCTGGGGAAGGAATTTAAACAACATGATCTTT	YYCATWGRNLNNMIF	TRGV6-1*01	.	TRGJ6-1*01	TRGC	assemble475	0
1	5.263158e-03	TGTGCAGCTGGTGACTACAGTGAGAGTACTGCTGGTTTC	CAAGDYSESTAGF	IGLV1-58*01	.	IGLJ4*01	IGLC	assemble60	0
1	2.564103e-02	TGTGCGAAGTGTGCTTATGCGGGTGGATGGATTTGTGCTCATGGTGTCGATGCCTGG	CAKCAYAGGWICAHGVDAW	IGHV1-10*01	IGHD6-2*01	IGHJ2-4*01	IGHG2	assemble649	0
1	5.263158e-03	TGTGCATCTTATCAACGTAGTAACACCGCTCTTTTC	CASYQRSNTALF	IGLV1-31*01	.	IGLJ4*01	IGLC	assemble36	0
1	2.272727e-02	TATTACTGTGCTATCTGGGATAACAGCTCAGGCTGGAGGAAGATATTT	YYCAIWDNSSGWRKIF	TRGV5-1*01	.	TRGJ1-1*01	TRGC	assemble102	0
1	5.263158e-03	TGTGCATCTTATCAGAGTGCTGACACAGTTGTTTTC	CASYQSADTVVF	IGLV1-31*01	.	IGLJ4*01	IGLC	assemble36	0
1	5.263158e-03	TGTGCAGCTGGTGACAGCAGTACGGGTACTACTATTTTC	CAAGDSSTGTTIF	IGLV1-58*01	.	IGLJ4*01	IGLC	assemble60	0
1	5.263158e-03	TGTTTTCAACTTATACACGATCCCGTAATTTTC	CFQLIHDPVIF	IGKV2-15*01	.	IGKJ2*01	IGKC	assemble283	0
1	5.263158e-03	TGTACAACTTATGAGGACACTAGCAGAACTACTGTTTTC	CTTYEDTSRTTVF	IGLV1-67*02	.	IGLJ4*01	IGLC	assemble177	0
1	5.263158e-03	TGTGCATCTTATCAGAGTGGTGACACAGTTGTGTTC	CASYQSGDTVVF	IGLV1-31*01	.	IGLJ4*01	IGLC	assemble36	0
1	5.263158e-03	TGTGCATCTTATCAGAATCATAACACAGCTGTTTTC	CASYQNHNTAVF	IGLV1-31*01	.	IGLJ4*01	IGLC	assemble36	0
1	5.263158e-03	TGTCAAGCACCTGATATCATTCTC	CQAPDIIL	IGLV3-2*01	.	IGLJ2*01	IGLC	assemble580	0
1	5.263158e-03	TGTTCAGCTTATGACGACAGTAGCAATGCTGGTGTTTTC	CSAYDDSSNAGVF	IGLV1-21*01	.	IGLJ4*01	IGLC	assemble194	0
1	2.272727e-02	TGTGCTGTCCCCCCTGCTTGG	CAVPPAW	TRGV1-1*01	.	TRGJ3-1*01	TRGC	assemble834	0
1	2.272727e-02	TACTACTGTGCTGTCTGGGATTGG	YYCAVWDW	TRGV1-1*01	.	TRGJ4-2*01	TRGC	assemble215	0
1	2.564103e-02	TGTGCTTGGGGTTGGGGTGGCGGTACTTGG	CAWGWGGGTW	IGHV1-27*01	IGHD6-2*01	IGHJ2-4*01	IGHM1	assemble530	0
1	4.761905e-02	TGTGCTGTGCAGCTGAAATCAGGAAACTACAAATACGTCTTT	CAVQLKSGNYKYVF	TRAV22-7*02	.	TRAJ40*01	.	assemble395	0
1	2.272727e-02	TACTACCATAGTAGTTACTTAAAAAACTTC	YYHSSYLKNF	TRGV5-1*01	.	TRGJ2-2*01	TRGC	assemble319	0
1	2.564103e-02	TGTGCTCTCCGCCAGCCCTTTACGAGCTGGAGCGGTGGGATACATGCTGACAAGCTCATCTTT	CALRQPFTSWSGGIHADKLIF	TRDV1-11*02	TRDD9*01	TRDJ1*01	.	assemble810	0
1	5.263158e-03	TGTTTTCAAGCTACACATGATCCTAATACTTTG	CFQATHDPNTL	IGKV2-18*01	.	IGKJ2*01	IGKC	assemble9	0
1	5.263158e-03	TGTTTTCAGACTACATATGATCCCGAGACTTTC	CFQTTYDPETF	IGKV2-18*01	.	IGKJ2*01	IGKC	assemble9	0
1	5.263158e-03	TGTTTTCAAGTCACACATGATCCAGATACTTTC	CFQVTHDPDTF	IGKV2-18*01	.	IGKJ2*01	IGKC	assemble9	0
1	5.263158e-03	TGTTTTCAAGGTAGACATGCTCCAAATACTTTC	CFQGRHAPNTF	IGKV2-18*01	.	IGKJ2*01	IGKC	assemble9	0
1	5.263158e-03	TGTGCATCTTATCAGAGTGGTAACACAGCTGTTTTC	CASYQSGNTAVF	IGLV1-31*01	.	IGLJ4*01	IGLC	assemble36	0
1	5.263158e-03	TGTGCAACTGGTGACGACGGTAGCAGTACTGTTGTTTTC	CATGDDGSSTVVF	IGLV1-67*01	.	IGLJ4*01	IGLC	assemble33	0
1	5.263158e-03	GGTGCAGTTCCTGACAGCAGTAGCCGTGACTTTTT	out_of_frame	IGLV1-36*01	.	IGLJ2*01	IGLC	assemble403	0
